<?xml  version='1.0' encoding="Windows-1251" standalone='yes'?>
<generate>
<parity>
<num_time>
<negatively>Positive</negatively>
<number>48</number>
<time>12:46:11</time>
</num_time>
<num_time>
<negatively>Positive</negatively>
<number>7</number>
<time>12:46:12</time>
</num_time>
<num_time>
<negatively>Positive</negatively>
<number>2</number>
<time>12:46:13</time>
</num_time>
<num_time>
<negatively>Positive</negatively>
<number>7</number>
<time>12:46:14</time>
</num_time>
<num_time>
<negatively>Positive</negatively>
<number>29</number>
<time>12:46:15</time>
</num_time>
</parity>
<negatively>
</negatively>
</generate>