<?xml  version='1.0' encoding="Windows-1251" standalone='yes'?>
<generate>
<parity>
<num_time>
<negatively>Positive</negatively>
<number>3</number>
<time>16:52:18</time>
</num_time>
<num_time>
<negatively>Positive</negatively>
<number>8</number>
<time>16:52:19</time>
</num_time>
<num_time>
<negatively>Positive</negatively>
<number>6</number>
<time>16:52:20</time>
</num_time>
<num_time>
<negatively>Positive</negatively>
<number>12</number>
<time>16:52:21</time>
</num_time>
<num_time>
<negatively>Positive</negatively>
<number>17</number>
<time>16:52:22</time>
</num_time>
<num_time>
<negatively>Positive</negatively>
<number>15</number>
<time>16:52:23</time>
</num_time>
<num_time>
<negatively>Positive</negatively>
<number>12</number>
<time>16:52:24</time>
</num_time>
<num_time>
<negatively>Positive</negatively>
<number>13</number>
<time>16:52:25</time>
</num_time>
<num_time>
<negatively>Positive</negatively>
<number>13</number>
<time>16:52:26</time>
</num_time>
<num_time>
<negatively>Positive</negatively>
<number>8</number>
<time>16:52:27</time>
</num_time>
<num_time>
<negatively>Positive</negatively>
<number>21</number>
<time>16:52:28</time>
</num_time>
<num_time>
<negatively>Positive</negatively>
<number>11</number>
<time>16:52:29</time>
</num_time>
<num_time>
<negatively>Positive</negatively>
<number>22</number>
<time>16:52:30</time>
</num_time>
<num_time>
<negatively>Positive</negatively>
<number>24</number>
<time>16:52:31</time>
</num_time>
<num_time>
<negatively>Positive</negatively>
<number>14</number>
<time>16:52:32</time>
</num_time>
</parity>
<negatively>
</negatively>
</generate>