<?xml version='1.0' standalone='no' ?>
<LVData xmlns="http://www.ni.com/LVData">
<Version>16.0</Version>
<Cluster>
<Name></Name>
<NumElts>4</NumElts>
<DBL>
<Name></Name>
<Val>0.00000000000000</Val>
</DBL>
<DBL>
<Name></Name>
<Val>0.50000000000000</Val>
</DBL>
<String>
<Name></Name>
<Val>14.12.2018</Val>
</String>
<String>
<Name></Name>
<Val>9:51:23</Val>
</String>
</Cluster>
<Cluster>
<Name></Name>
<NumElts>4</NumElts>
<DBL>
<Name></Name>
<Val>1.00000000000000</Val>
</DBL>
<DBL>
<Name></Name>
<Val>0.50000000000000</Val>
</DBL>
<String>
<Name></Name>
<Val>14.12.2018</Val>
</String>
<String>
<Name></Name>
<Val>9:51:32</Val>
</String>
</Cluster>
</LVData>