{
  "code": 200,
  "data": {
    "products": [
      {
        "id": "006",
        "title": "New Product Name",
        "date": 16034004000000,
        "imageId": "https://mixthatdrink.com/wp-content/uploads/2016/03/blue-long-island-iced-tea.jpg",
        "address": {
          "name": "Fanta str. 24",
          "latitude": 123.12,
          "longitude": 412.12
        },
        "price": 4.99,
        "userId": "mockUserId",
        "likes": 49
      },
      {
        "id": "007",
        "title": "Советское Шампанское",
        "date": 16034004000000,
        "imageId": "https://interfax.by/files/pic/29_07_05/024.jpg",
        "address": {
          "name": "Some Mock str. 4",
          "latitude": 123.12,
          "longitude": 412.12
        },
        "price": 22.31,
        "userId": "mockUserId",
        "likes": 227
      }
    ]
  }
}