{
  "code": 200,
  "data": {
    "id": "007",
    "title": "Arta Vinia",
    "date": 16034004000000,
    "imageId": "https://images.vivino.com/thumbs/ejXOmx9YQXq_Sw61aiLQOQ_375x500.jpg",
    "address": {
      "address": "Some Mock str. 4",
      "latitude": 123.12,
      "longitude": 412.12
    },
    "price": 22.31,
    "userId": "mockUserId",
    "likes": 227,
    "description": "Lorem ipsum dolor sit amet, consectetur adipiscing elit, sed do eiusmod tempor incididunt ut labore et dolore magna aliqua. In nibh mauris cursus mattis molestie a. Tincidunt arcu non sodales neque sodales. Lacus vestibulum sed arcu non odio euismod lacinia. Aliquam ut porttitor leo a diam sollicitudin tempor id eu. Vel facilisis volutpat est velit egestas dui id ornare. Praesent semper feugiat nibh sed. Id donec ultrices tincidunt arcu non sodales neque sodales ut. Quam vulputate dignissim suspendisse in est. Cursus in hac habitasse platea dictumst quisque sagittis. Massa id neque aliquam vestibulum morbi. Bibendum neque egestas congue quisque egestas diam in arcu. Gravida cum sociis natoque penatibus et magnis. Felis eget nunc lobortis mattis aliquam faucibus purus in massa. Nec feugiat in fermentum posuere urna nec. Viverra suspendisse potenti nullam ac. Mattis nunc sed blandit libero volutpat sed cras. Pulvinar proin gravida hendrerit lectus a. Tempor id eu nisl nunc mi. Ac felis donec et odio.",
    "isLiked": false,
    "comments": [
      {
        "id": "com1",
        "userId": "user1",
        "userName": "User A",
        "imageId": "",
        "text": "Отличный напиток! Советую!"
      },
      {
        "id": "com2",
        "userId": "user2",
        "imageId": "https://widgetwhats.com/app/uploads/2019/11/free-profile-photo-whatsapp-4.png",
        "userName": "User Bravo",
        "text": "Хороший выбор"
      }
    ]
  }
}