{
  "code": 200,
  "data": {
    "products": [
      {
        "id": "006",
        "title": "Fanta",
        "date": 16034004000000,
        "imageId": "https://cdn.shopify.com/s/files/1/1334/9201/products/Fanta-Orange_1024x1024.JPG?v=1554291456",
        "address": {
          "name": "Fanta str. 24",
          "latitude": 123.12,
          "longitude": 412.12
        },
        "price": 4.99,
        "userId": "mockUserId",
        "likes": 49
      },
      {
        "id": "007",
        "title": "Arta Vinia",
        "date": 16034004000000,
        "imageId": "https://images.vivino.com/thumbs/ejXOmx9YQXq_Sw61aiLQOQ_375x500.jpg",
        "address": {
          "name": "Some Mock str. 4",
          "latitude": 123.12,
          "longitude": 412.12
        },
        "price": 22.31,
        "userId": "mockUserId",
        "likes": 227
      },
      {
        "id": "008",
        "title": "Drink 2",
        "date": 16034004000000,
        "imageId": "https://www.thespruceeats.com/thmb/dZftD42S7eR9FIv-tcZ_P52BZdc=/1319x989/smart/filters:no_upscale()/paloma-cocktail-recipe-760852-5147_preview-5b0ec0bd8e1b6e003e9c35b7.jpeg",
        "address": {
          "name": "Mir str. 24",
          "latitude": 123.12,
          "longitude": 412.12
        },
        "price": 14.99,
        "userId": "mockUserId",
        "likes": 4
      },
      {
        "id": "010",
        "title": "Coke",
        "date": 16034004000000,
        "imageId": "https://media.mehrnews.com/d/2018/10/14/4/2926851.jpg",
        "address": {
          "name": "Cola str. 24",
          "latitude": 123.12,
          "longitude": 412.12
        },
        "price": 4.99,
        "userId": "mockUserId",
        "likes": 82
      }
    ]
  }
}