--------------------------------------------------------
--  File created - пятница-декабря-13-2019   
--------------------------------------------------------
DROP SEQUENCE "DORMITORY"."GROUPS_SEQ";
DROP SEQUENCE "DORMITORY"."ROOM_SEQ";
DROP SEQUENCE "DORMITORY"."FACULTY_SEQ";
DROP SEQUENCE "DORMITORY"."OTHER_ROOMS_SEQ";
DROP SEQUENCE "DORMITORY"."POST_SEQ";
DROP SEQUENCE "DORMITORY"."EMPLOYEE_SEQ";
DROP SEQUENCE "DORMITORY"."INVENTORY_SEQ";
DROP SEQUENCE "DORMITORY"."PROPERTY_SEQ";
DROP TABLE "DORMITORY"."STUDENT" cascade constraints;
DROP TABLE "DORMITORY"."PROPERTY_TENANT" cascade constraints;
DROP TABLE "DORMITORY"."FACULTY" cascade constraints;
DROP TABLE "DORMITORY"."EMPLOYEE_UNIVERSITY" cascade constraints;
DROP TABLE "DORMITORY"."GROUPS" cascade constraints;
DROP TABLE "DORMITORY"."TENANT" cascade constraints;
DROP TABLE "DORMITORY"."INVENTORY" cascade constraints;
DROP TABLE "DORMITORY"."UNIT" cascade constraints;
DROP TABLE "DORMITORY"."PROPERTY" cascade constraints;
DROP TABLE "DORMITORY"."POST" cascade constraints;
DROP TABLE "DORMITORY"."OTHER_ROOMS" cascade constraints;
DROP TABLE "DORMITORY"."EMPLOYEE" cascade constraints;
DROP TABLE "DORMITORY"."ROOM" cascade constraints;
DROP TABLE "DORMITORY"."ROOM_INVENTORY" cascade constraints;
DROP TABLE "DORMITORY"."PAYMENT" cascade constraints;
DROP PROCEDURE "DORMITORY"."CREATE_STUDENT";
DROP PROCEDURE "DORMITORY"."UPDATE_EMPLOYEE";
DROP PROCEDURE "DORMITORY"."UPDATE_STUDENT";
DROP PROCEDURE "DORMITORY"."CREATE_EMPLOYEE";
--------------------------------------------------------
--  DDL for Sequence GROUPS_SEQ
--------------------------------------------------------

   CREATE SEQUENCE  "DORMITORY"."GROUPS_SEQ"  MINVALUE 1 MAXVALUE 9999999999999999999999999999 INCREMENT BY 1 START WITH 1 CACHE 20 NOORDER  NOCYCLE ;
--------------------------------------------------------
--  DDL for Sequence ROOM_SEQ
--------------------------------------------------------

   CREATE SEQUENCE  "DORMITORY"."ROOM_SEQ"  MINVALUE 1 MAXVALUE 9999999999999999999999999999 INCREMENT BY 1 START WITH 21 CACHE 20 NOORDER  NOCYCLE ;
--------------------------------------------------------
--  DDL for Sequence FACULTY_SEQ
--------------------------------------------------------

   CREATE SEQUENCE  "DORMITORY"."FACULTY_SEQ"  MINVALUE 1 MAXVALUE 9999999999999999999999999999 INCREMENT BY 1 START WITH 1 CACHE 20 NOORDER  NOCYCLE ;
--------------------------------------------------------
--  DDL for Sequence OTHER_ROOMS_SEQ
--------------------------------------------------------

   CREATE SEQUENCE  "DORMITORY"."OTHER_ROOMS_SEQ"  MINVALUE 1 MAXVALUE 9999999999999999999999999999 INCREMENT BY 1 START WITH 1 CACHE 20 NOORDER  NOCYCLE ;
--------------------------------------------------------
--  DDL for Sequence POST_SEQ
--------------------------------------------------------

   CREATE SEQUENCE  "DORMITORY"."POST_SEQ"  MINVALUE 1 MAXVALUE 9999999999999999999999999999 INCREMENT BY 1 START WITH 1 CACHE 20 NOORDER  NOCYCLE ;
--------------------------------------------------------
--  DDL for Sequence EMPLOYEE_SEQ
--------------------------------------------------------

   CREATE SEQUENCE  "DORMITORY"."EMPLOYEE_SEQ"  MINVALUE 1 MAXVALUE 9999999999999999999999999999 INCREMENT BY 1 START WITH 1 CACHE 20 NOORDER  NOCYCLE ;
--------------------------------------------------------
--  DDL for Sequence INVENTORY_SEQ
--------------------------------------------------------

   CREATE SEQUENCE  "DORMITORY"."INVENTORY_SEQ"  MINVALUE 1 MAXVALUE 9999999999999999999999999999 INCREMENT BY 1 START WITH 21 CACHE 20 NOORDER  NOCYCLE ;
--------------------------------------------------------
--  DDL for Sequence PROPERTY_SEQ
--------------------------------------------------------

   CREATE SEQUENCE  "DORMITORY"."PROPERTY_SEQ"  MINVALUE 1 MAXVALUE 9999999999999999999999999999 INCREMENT BY 1 START WITH 21 CACHE 20 NOORDER  NOCYCLE ;
--------------------------------------------------------
--  DDL for Table STUDENT
--------------------------------------------------------

  CREATE TABLE "DORMITORY"."STUDENT" 
   (	"TENANT_ID" NUMBER, 
	"GROUP_ID" NUMBER
   ) SEGMENT CREATION IMMEDIATE 
  PCTFREE 10 PCTUSED 40 INITRANS 1 MAXTRANS 255 NOCOMPRESS LOGGING
  STORAGE(INITIAL 65536 NEXT 1048576 MINEXTENTS 1 MAXEXTENTS 2147483645
  PCTINCREASE 0 FREELISTS 1 FREELIST GROUPS 1 BUFFER_POOL DEFAULT FLASH_CACHE DEFAULT CELL_FLASH_CACHE DEFAULT)
  TABLESPACE "DORMITORY_DB" ;
--------------------------------------------------------
--  DDL for Table PROPERTY_TENANT
--------------------------------------------------------

  CREATE TABLE "DORMITORY"."PROPERTY_TENANT" 
   (	"PROPERTY_ID" NUMBER, 
	"TENANT_ID" NUMBER
   ) SEGMENT CREATION IMMEDIATE 
  PCTFREE 10 PCTUSED 40 INITRANS 1 MAXTRANS 255 NOCOMPRESS LOGGING
  STORAGE(INITIAL 65536 NEXT 1048576 MINEXTENTS 1 MAXEXTENTS 2147483645
  PCTINCREASE 0 FREELISTS 1 FREELIST GROUPS 1 BUFFER_POOL DEFAULT FLASH_CACHE DEFAULT CELL_FLASH_CACHE DEFAULT)
  TABLESPACE "DORMITORY_DB" ;
--------------------------------------------------------
--  DDL for Table FACULTY
--------------------------------------------------------

  CREATE TABLE "DORMITORY"."FACULTY" 
   (	"ID" NUMBER, 
	"NAME" VARCHAR2(256 BYTE)
   ) SEGMENT CREATION IMMEDIATE 
  PCTFREE 10 PCTUSED 40 INITRANS 1 MAXTRANS 255 NOCOMPRESS LOGGING
  STORAGE(INITIAL 65536 NEXT 1048576 MINEXTENTS 1 MAXEXTENTS 2147483645
  PCTINCREASE 0 FREELISTS 1 FREELIST GROUPS 1 BUFFER_POOL DEFAULT FLASH_CACHE DEFAULT CELL_FLASH_CACHE DEFAULT)
  TABLESPACE "DORMITORY_DB" ;
--------------------------------------------------------
--  DDL for Table EMPLOYEE_UNIVERSITY
--------------------------------------------------------

  CREATE TABLE "DORMITORY"."EMPLOYEE_UNIVERSITY" 
   (	"TENANT_ID" NUMBER, 
	"WORK" VARCHAR2(256 BYTE)
   ) SEGMENT CREATION IMMEDIATE 
  PCTFREE 10 PCTUSED 40 INITRANS 1 MAXTRANS 255 NOCOMPRESS LOGGING
  STORAGE(INITIAL 65536 NEXT 1048576 MINEXTENTS 1 MAXEXTENTS 2147483645
  PCTINCREASE 0 FREELISTS 1 FREELIST GROUPS 1 BUFFER_POOL DEFAULT FLASH_CACHE DEFAULT CELL_FLASH_CACHE DEFAULT)
  TABLESPACE "DORMITORY_DB" ;
--------------------------------------------------------
--  DDL for Table GROUPS
--------------------------------------------------------

  CREATE TABLE "DORMITORY"."GROUPS" 
   (	"ID" NUMBER, 
	"NAME" VARCHAR2(256 BYTE), 
	"FACULTY_ID" NUMBER
   ) SEGMENT CREATION IMMEDIATE 
  PCTFREE 10 PCTUSED 40 INITRANS 1 MAXTRANS 255 NOCOMPRESS LOGGING
  STORAGE(INITIAL 65536 NEXT 1048576 MINEXTENTS 1 MAXEXTENTS 2147483645
  PCTINCREASE 0 FREELISTS 1 FREELIST GROUPS 1 BUFFER_POOL DEFAULT FLASH_CACHE DEFAULT CELL_FLASH_CACHE DEFAULT)
  TABLESPACE "DORMITORY_DB" ;
--------------------------------------------------------
--  DDL for Table TENANT
--------------------------------------------------------

  CREATE TABLE "DORMITORY"."TENANT" 
   (	"NUMBER_CONTRACT" NUMBER, 
	"BIRTHDAY_DATE" DATE, 
	"CHECK_DATE" DATE, 
	"EVICTION_DATE" DATE, 
	"ROOM_ID" NUMBER, 
	"FIO" VARCHAR2(256 BYTE)
   ) SEGMENT CREATION IMMEDIATE 
  PCTFREE 10 PCTUSED 40 INITRANS 1 MAXTRANS 255 NOCOMPRESS LOGGING
  STORAGE(INITIAL 65536 NEXT 1048576 MINEXTENTS 1 MAXEXTENTS 2147483645
  PCTINCREASE 0 FREELISTS 1 FREELIST GROUPS 1 BUFFER_POOL DEFAULT FLASH_CACHE DEFAULT CELL_FLASH_CACHE DEFAULT)
  TABLESPACE "DORMITORY_DB" ;
--------------------------------------------------------
--  DDL for Table INVENTORY
--------------------------------------------------------

  CREATE TABLE "DORMITORY"."INVENTORY" 
   (	"ID" NUMBER, 
	"NAME" VARCHAR2(256 BYTE)
   ) SEGMENT CREATION IMMEDIATE 
  PCTFREE 10 PCTUSED 40 INITRANS 1 MAXTRANS 255 NOCOMPRESS LOGGING
  STORAGE(INITIAL 65536 NEXT 1048576 MINEXTENTS 1 MAXEXTENTS 2147483645
  PCTINCREASE 0 FREELISTS 1 FREELIST GROUPS 1 BUFFER_POOL DEFAULT FLASH_CACHE DEFAULT CELL_FLASH_CACHE DEFAULT)
  TABLESPACE "DORMITORY_DB" ;
--------------------------------------------------------
--  DDL for Table UNIT
--------------------------------------------------------

  CREATE TABLE "DORMITORY"."UNIT" 
   (	"ID" NUMBER
   ) SEGMENT CREATION IMMEDIATE 
  PCTFREE 10 PCTUSED 40 INITRANS 1 MAXTRANS 255 NOCOMPRESS LOGGING
  STORAGE(INITIAL 65536 NEXT 1048576 MINEXTENTS 1 MAXEXTENTS 2147483645
  PCTINCREASE 0 FREELISTS 1 FREELIST GROUPS 1 BUFFER_POOL DEFAULT FLASH_CACHE DEFAULT CELL_FLASH_CACHE DEFAULT)
  TABLESPACE "DORMITORY_DB" ;
--------------------------------------------------------
--  DDL for Table PROPERTY
--------------------------------------------------------

  CREATE TABLE "DORMITORY"."PROPERTY" 
   (	"ID" NUMBER, 
	"NAME" VARCHAR2(256 BYTE)
   ) SEGMENT CREATION IMMEDIATE 
  PCTFREE 10 PCTUSED 40 INITRANS 1 MAXTRANS 255 NOCOMPRESS LOGGING
  STORAGE(INITIAL 65536 NEXT 1048576 MINEXTENTS 1 MAXEXTENTS 2147483645
  PCTINCREASE 0 FREELISTS 1 FREELIST GROUPS 1 BUFFER_POOL DEFAULT FLASH_CACHE DEFAULT CELL_FLASH_CACHE DEFAULT)
  TABLESPACE "DORMITORY_DB" ;
--------------------------------------------------------
--  DDL for Table POST
--------------------------------------------------------

  CREATE TABLE "DORMITORY"."POST" 
   (	"ID" NUMBER, 
	"NAME" VARCHAR2(256 BYTE)
   ) SEGMENT CREATION IMMEDIATE 
  PCTFREE 10 PCTUSED 40 INITRANS 1 MAXTRANS 255 NOCOMPRESS LOGGING
  STORAGE(INITIAL 65536 NEXT 1048576 MINEXTENTS 1 MAXEXTENTS 2147483645
  PCTINCREASE 0 FREELISTS 1 FREELIST GROUPS 1 BUFFER_POOL DEFAULT FLASH_CACHE DEFAULT CELL_FLASH_CACHE DEFAULT)
  TABLESPACE "DORMITORY_DB" ;
--------------------------------------------------------
--  DDL for Table OTHER_ROOMS
--------------------------------------------------------

  CREATE TABLE "DORMITORY"."OTHER_ROOMS" 
   (	"ID" NUMBER, 
	"NAME" VARCHAR2(256 BYTE)
   ) SEGMENT CREATION IMMEDIATE 
  PCTFREE 10 PCTUSED 40 INITRANS 1 MAXTRANS 255 NOCOMPRESS LOGGING
  STORAGE(INITIAL 65536 NEXT 1048576 MINEXTENTS 1 MAXEXTENTS 2147483645
  PCTINCREASE 0 FREELISTS 1 FREELIST GROUPS 1 BUFFER_POOL DEFAULT FLASH_CACHE DEFAULT CELL_FLASH_CACHE DEFAULT)
  TABLESPACE "DORMITORY_DB" ;
--------------------------------------------------------
--  DDL for Table EMPLOYEE
--------------------------------------------------------

  CREATE TABLE "DORMITORY"."EMPLOYEE" 
   (	"ID" NUMBER, 
	"FIO" VARCHAR2(512 BYTE), 
	"POST_ID" NUMBER, 
	"ROOM_ID" NUMBER
   ) SEGMENT CREATION IMMEDIATE 
  PCTFREE 10 PCTUSED 40 INITRANS 1 MAXTRANS 255 NOCOMPRESS LOGGING
  STORAGE(INITIAL 65536 NEXT 1048576 MINEXTENTS 1 MAXEXTENTS 2147483645
  PCTINCREASE 0 FREELISTS 1 FREELIST GROUPS 1 BUFFER_POOL DEFAULT FLASH_CACHE DEFAULT CELL_FLASH_CACHE DEFAULT)
  TABLESPACE "DORMITORY_DB" ;
--------------------------------------------------------
--  DDL for Table ROOM
--------------------------------------------------------

  CREATE TABLE "DORMITORY"."ROOM" 
   (	"ID" NUMBER, 
	"SQUARE" NUMBER, 
	"COUNT_BETS" NUMBER, 
	"BUSY_BETS" NUMBER DEFAULT 0, 
	"UNIT_ID" NUMBER
   ) SEGMENT CREATION IMMEDIATE 
  PCTFREE 10 PCTUSED 40 INITRANS 1 MAXTRANS 255 NOCOMPRESS LOGGING
  STORAGE(INITIAL 65536 NEXT 1048576 MINEXTENTS 1 MAXEXTENTS 2147483645
  PCTINCREASE 0 FREELISTS 1 FREELIST GROUPS 1 BUFFER_POOL DEFAULT FLASH_CACHE DEFAULT CELL_FLASH_CACHE DEFAULT)
  TABLESPACE "DORMITORY_DB" ;
--------------------------------------------------------
--  DDL for Table ROOM_INVENTORY
--------------------------------------------------------

  CREATE TABLE "DORMITORY"."ROOM_INVENTORY" 
   (	"ROOM_ID" NUMBER, 
	"INVENTORY_ID" NUMBER
   ) SEGMENT CREATION IMMEDIATE 
  PCTFREE 10 PCTUSED 40 INITRANS 1 MAXTRANS 255 NOCOMPRESS LOGGING
  STORAGE(INITIAL 65536 NEXT 1048576 MINEXTENTS 1 MAXEXTENTS 2147483645
  PCTINCREASE 0 FREELISTS 1 FREELIST GROUPS 1 BUFFER_POOL DEFAULT FLASH_CACHE DEFAULT CELL_FLASH_CACHE DEFAULT)
  TABLESPACE "DORMITORY_DB" ;
--------------------------------------------------------
--  DDL for Table PAYMENT
--------------------------------------------------------

  CREATE TABLE "DORMITORY"."PAYMENT" 
   (	"ID" NUMBER, 
	"TENANT_ID" NUMBER, 
	"DATE_PAYMENT" DATE
   ) SEGMENT CREATION IMMEDIATE 
  PCTFREE 10 PCTUSED 40 INITRANS 1 MAXTRANS 255 NOCOMPRESS LOGGING
  STORAGE(INITIAL 65536 NEXT 1048576 MINEXTENTS 1 MAXEXTENTS 2147483645
  PCTINCREASE 0 FREELISTS 1 FREELIST GROUPS 1 BUFFER_POOL DEFAULT FLASH_CACHE DEFAULT CELL_FLASH_CACHE DEFAULT)
  TABLESPACE "DORMITORY_DB" ;
REM INSERTING into DORMITORY.STUDENT
SET DEFINE OFF;
Insert into DORMITORY.STUDENT (TENANT_ID,GROUP_ID) values ('12312','1');
REM INSERTING into DORMITORY.PROPERTY_TENANT
SET DEFINE OFF;
Insert into DORMITORY.PROPERTY_TENANT (PROPERTY_ID,TENANT_ID) values ('1','12312');
Insert into DORMITORY.PROPERTY_TENANT (PROPERTY_ID,TENANT_ID) values ('1','321');
REM INSERTING into DORMITORY.FACULTY
SET DEFINE OFF;
Insert into DORMITORY.FACULTY (ID,NAME) values ('2','123');
Insert into DORMITORY.FACULTY (ID,NAME) values ('1','йцу');
REM INSERTING into DORMITORY.EMPLOYEE_UNIVERSITY
SET DEFINE OFF;
Insert into DORMITORY.EMPLOYEE_UNIVERSITY (TENANT_ID,WORK) values ('321','312312');
REM INSERTING into DORMITORY.GROUPS
SET DEFINE OFF;
Insert into DORMITORY.GROUPS (ID,NAME,FACULTY_ID) values ('1','1235','2');
REM INSERTING into DORMITORY.TENANT
SET DEFINE OFF;
Insert into DORMITORY.TENANT (NUMBER_CONTRACT,BIRTHDAY_DATE,CHECK_DATE,EVICTION_DATE,ROOM_ID,FIO) values ('12312',to_date('25.11.19','DD.MM.RR'),to_date('11.12.19','DD.MM.RR'),null,'1','вфыв2');
Insert into DORMITORY.TENANT (NUMBER_CONTRACT,BIRTHDAY_DATE,CHECK_DATE,EVICTION_DATE,ROOM_ID,FIO) values ('321',to_date('04.12.19','DD.MM.RR'),to_date('11.12.19','DD.MM.RR'),null,'1','вфыв');
REM INSERTING into DORMITORY.INVENTORY
SET DEFINE OFF;
Insert into DORMITORY.INVENTORY (ID,NAME) values ('2','????2');
Insert into DORMITORY.INVENTORY (ID,NAME) values ('3','??3');
Insert into DORMITORY.INVENTORY (ID,NAME) values ('4','????');
Insert into DORMITORY.INVENTORY (ID,NAME) values ('5','????');
Insert into DORMITORY.INVENTORY (ID,NAME) values ('6','????');
Insert into DORMITORY.INVENTORY (ID,NAME) values ('7','123');
Insert into DORMITORY.INVENTORY (ID,NAME) values ('8','???');
Insert into DORMITORY.INVENTORY (ID,NAME) values ('9','12');
Insert into DORMITORY.INVENTORY (ID,NAME) values ('10','?');
Insert into DORMITORY.INVENTORY (ID,NAME) values ('11','??');
Insert into DORMITORY.INVENTORY (ID,NAME) values ('12','?');
Insert into DORMITORY.INVENTORY (ID,NAME) values ('21','?');
Insert into DORMITORY.INVENTORY (ID,NAME) values ('22','1');
Insert into DORMITORY.INVENTORY (ID,NAME) values ('23','1');
Insert into DORMITORY.INVENTORY (ID,NAME) values ('24','12');
Insert into DORMITORY.INVENTORY (ID,NAME) values ('1','????');
Insert into DORMITORY.INVENTORY (ID,NAME) values ('25','3');
Insert into DORMITORY.INVENTORY (ID,NAME) values ('26','123');
REM INSERTING into DORMITORY.UNIT
SET DEFINE OFF;
Insert into DORMITORY.UNIT (ID) values ('1234');
REM INSERTING into DORMITORY.PROPERTY
SET DEFINE OFF;
Insert into DORMITORY.PROPERTY (ID,NAME) values ('2','Полоценце махровое');
Insert into DORMITORY.PROPERTY (ID,NAME) values ('1','Скатерть');
REM INSERTING into DORMITORY.POST
SET DEFINE OFF;
Insert into DORMITORY.POST (ID,NAME) values ('1','йцу');
REM INSERTING into DORMITORY.OTHER_ROOMS
SET DEFINE OFF;
Insert into DORMITORY.OTHER_ROOMS (ID,NAME) values ('1','1234');
REM INSERTING into DORMITORY.EMPLOYEE
SET DEFINE OFF;
Insert into DORMITORY.EMPLOYEE (ID,FIO,POST_ID,ROOM_ID) values ('1','123','1','1');
REM INSERTING into DORMITORY.ROOM
SET DEFINE OFF;
Insert into DORMITORY.ROOM (ID,SQUARE,COUNT_BETS,BUSY_BETS,UNIT_ID) values ('2','14','15','0','1234');
Insert into DORMITORY.ROOM (ID,SQUARE,COUNT_BETS,BUSY_BETS,UNIT_ID) values ('3','312','1236','0','1234');
Insert into DORMITORY.ROOM (ID,SQUARE,COUNT_BETS,BUSY_BETS,UNIT_ID) values ('1','13','124','0','1234');
REM INSERTING into DORMITORY.ROOM_INVENTORY
SET DEFINE OFF;
Insert into DORMITORY.ROOM_INVENTORY (ROOM_ID,INVENTORY_ID) values ('3','1');
Insert into DORMITORY.ROOM_INVENTORY (ROOM_ID,INVENTORY_ID) values ('3','2');
Insert into DORMITORY.ROOM_INVENTORY (ROOM_ID,INVENTORY_ID) values ('3','3');
Insert into DORMITORY.ROOM_INVENTORY (ROOM_ID,INVENTORY_ID) values ('3','4');
Insert into DORMITORY.ROOM_INVENTORY (ROOM_ID,INVENTORY_ID) values ('3','5');
Insert into DORMITORY.ROOM_INVENTORY (ROOM_ID,INVENTORY_ID) values ('3','6');
Insert into DORMITORY.ROOM_INVENTORY (ROOM_ID,INVENTORY_ID) values ('3','7');
Insert into DORMITORY.ROOM_INVENTORY (ROOM_ID,INVENTORY_ID) values ('3','8');
Insert into DORMITORY.ROOM_INVENTORY (ROOM_ID,INVENTORY_ID) values ('3','9');
Insert into DORMITORY.ROOM_INVENTORY (ROOM_ID,INVENTORY_ID) values ('3','10');
Insert into DORMITORY.ROOM_INVENTORY (ROOM_ID,INVENTORY_ID) values ('3','11');
Insert into DORMITORY.ROOM_INVENTORY (ROOM_ID,INVENTORY_ID) values ('3','12');
Insert into DORMITORY.ROOM_INVENTORY (ROOM_ID,INVENTORY_ID) values ('3','21');
Insert into DORMITORY.ROOM_INVENTORY (ROOM_ID,INVENTORY_ID) values ('3','22');
Insert into DORMITORY.ROOM_INVENTORY (ROOM_ID,INVENTORY_ID) values ('3','23');
Insert into DORMITORY.ROOM_INVENTORY (ROOM_ID,INVENTORY_ID) values ('3','24');
Insert into DORMITORY.ROOM_INVENTORY (ROOM_ID,INVENTORY_ID) values ('3','25');
Insert into DORMITORY.ROOM_INVENTORY (ROOM_ID,INVENTORY_ID) values ('3','26');
REM INSERTING into DORMITORY.PAYMENT
SET DEFINE OFF;
--------------------------------------------------------
--  DDL for Index STUDENT_PK
--------------------------------------------------------

  CREATE UNIQUE INDEX "DORMITORY"."STUDENT_PK" ON "DORMITORY"."STUDENT" ("TENANT_ID") 
  PCTFREE 10 INITRANS 2 MAXTRANS 255 COMPUTE STATISTICS 
  STORAGE(INITIAL 65536 NEXT 1048576 MINEXTENTS 1 MAXEXTENTS 2147483645
  PCTINCREASE 0 FREELISTS 1 FREELIST GROUPS 1 BUFFER_POOL DEFAULT FLASH_CACHE DEFAULT CELL_FLASH_CACHE DEFAULT)
  TABLESPACE "DORMITORY_DB" ;
--------------------------------------------------------
--  DDL for Index FACULTY_PK
--------------------------------------------------------

  CREATE UNIQUE INDEX "DORMITORY"."FACULTY_PK" ON "DORMITORY"."FACULTY" ("ID") 
  PCTFREE 10 INITRANS 2 MAXTRANS 255 COMPUTE STATISTICS 
  STORAGE(INITIAL 65536 NEXT 1048576 MINEXTENTS 1 MAXEXTENTS 2147483645
  PCTINCREASE 0 FREELISTS 1 FREELIST GROUPS 1 BUFFER_POOL DEFAULT FLASH_CACHE DEFAULT CELL_FLASH_CACHE DEFAULT)
  TABLESPACE "DORMITORY_DB" ;
--------------------------------------------------------
--  DDL for Index EMPLOYEE_UNIVERSITY_PK
--------------------------------------------------------

  CREATE UNIQUE INDEX "DORMITORY"."EMPLOYEE_UNIVERSITY_PK" ON "DORMITORY"."EMPLOYEE_UNIVERSITY" ("TENANT_ID") 
  PCTFREE 10 INITRANS 2 MAXTRANS 255 COMPUTE STATISTICS 
  STORAGE(INITIAL 65536 NEXT 1048576 MINEXTENTS 1 MAXEXTENTS 2147483645
  PCTINCREASE 0 FREELISTS 1 FREELIST GROUPS 1 BUFFER_POOL DEFAULT FLASH_CACHE DEFAULT CELL_FLASH_CACHE DEFAULT)
  TABLESPACE "DORMITORY_DB" ;
--------------------------------------------------------
--  DDL for Index GROUPS_PK
--------------------------------------------------------

  CREATE UNIQUE INDEX "DORMITORY"."GROUPS_PK" ON "DORMITORY"."GROUPS" ("ID") 
  PCTFREE 10 INITRANS 2 MAXTRANS 255 COMPUTE STATISTICS 
  STORAGE(INITIAL 65536 NEXT 1048576 MINEXTENTS 1 MAXEXTENTS 2147483645
  PCTINCREASE 0 FREELISTS 1 FREELIST GROUPS 1 BUFFER_POOL DEFAULT FLASH_CACHE DEFAULT CELL_FLASH_CACHE DEFAULT)
  TABLESPACE "DORMITORY_DB" ;
--------------------------------------------------------
--  DDL for Index TENANT_PK
--------------------------------------------------------

  CREATE UNIQUE INDEX "DORMITORY"."TENANT_PK" ON "DORMITORY"."TENANT" ("NUMBER_CONTRACT") 
  PCTFREE 10 INITRANS 2 MAXTRANS 255 COMPUTE STATISTICS 
  STORAGE(INITIAL 65536 NEXT 1048576 MINEXTENTS 1 MAXEXTENTS 2147483645
  PCTINCREASE 0 FREELISTS 1 FREELIST GROUPS 1 BUFFER_POOL DEFAULT FLASH_CACHE DEFAULT CELL_FLASH_CACHE DEFAULT)
  TABLESPACE "DORMITORY_DB" ;
--------------------------------------------------------
--  DDL for Index INVENTORY_PK
--------------------------------------------------------

  CREATE UNIQUE INDEX "DORMITORY"."INVENTORY_PK" ON "DORMITORY"."INVENTORY" ("ID") 
  PCTFREE 10 INITRANS 2 MAXTRANS 255 COMPUTE STATISTICS 
  STORAGE(INITIAL 65536 NEXT 1048576 MINEXTENTS 1 MAXEXTENTS 2147483645
  PCTINCREASE 0 FREELISTS 1 FREELIST GROUPS 1 BUFFER_POOL DEFAULT FLASH_CACHE DEFAULT CELL_FLASH_CACHE DEFAULT)
  TABLESPACE "DORMITORY_DB" ;
--------------------------------------------------------
--  DDL for Index UNIT_PK
--------------------------------------------------------

  CREATE UNIQUE INDEX "DORMITORY"."UNIT_PK" ON "DORMITORY"."UNIT" ("ID") 
  PCTFREE 10 INITRANS 2 MAXTRANS 255 COMPUTE STATISTICS 
  STORAGE(INITIAL 65536 NEXT 1048576 MINEXTENTS 1 MAXEXTENTS 2147483645
  PCTINCREASE 0 FREELISTS 1 FREELIST GROUPS 1 BUFFER_POOL DEFAULT FLASH_CACHE DEFAULT CELL_FLASH_CACHE DEFAULT)
  TABLESPACE "DORMITORY_DB" ;
--------------------------------------------------------
--  DDL for Index PROPERTY_PK
--------------------------------------------------------

  CREATE UNIQUE INDEX "DORMITORY"."PROPERTY_PK" ON "DORMITORY"."PROPERTY" ("ID") 
  PCTFREE 10 INITRANS 2 MAXTRANS 255 COMPUTE STATISTICS 
  STORAGE(INITIAL 65536 NEXT 1048576 MINEXTENTS 1 MAXEXTENTS 2147483645
  PCTINCREASE 0 FREELISTS 1 FREELIST GROUPS 1 BUFFER_POOL DEFAULT FLASH_CACHE DEFAULT CELL_FLASH_CACHE DEFAULT)
  TABLESPACE "DORMITORY_DB" ;
--------------------------------------------------------
--  DDL for Index POST_PK
--------------------------------------------------------

  CREATE UNIQUE INDEX "DORMITORY"."POST_PK" ON "DORMITORY"."POST" ("ID") 
  PCTFREE 10 INITRANS 2 MAXTRANS 255 COMPUTE STATISTICS 
  STORAGE(INITIAL 65536 NEXT 1048576 MINEXTENTS 1 MAXEXTENTS 2147483645
  PCTINCREASE 0 FREELISTS 1 FREELIST GROUPS 1 BUFFER_POOL DEFAULT FLASH_CACHE DEFAULT CELL_FLASH_CACHE DEFAULT)
  TABLESPACE "DORMITORY_DB" ;
--------------------------------------------------------
--  DDL for Index OTHER_ROOMS_PK
--------------------------------------------------------

  CREATE UNIQUE INDEX "DORMITORY"."OTHER_ROOMS_PK" ON "DORMITORY"."OTHER_ROOMS" ("ID") 
  PCTFREE 10 INITRANS 2 MAXTRANS 255 COMPUTE STATISTICS 
  STORAGE(INITIAL 65536 NEXT 1048576 MINEXTENTS 1 MAXEXTENTS 2147483645
  PCTINCREASE 0 FREELISTS 1 FREELIST GROUPS 1 BUFFER_POOL DEFAULT FLASH_CACHE DEFAULT CELL_FLASH_CACHE DEFAULT)
  TABLESPACE "DORMITORY_DB" ;
--------------------------------------------------------
--  DDL for Index EMPLOYEE_PK
--------------------------------------------------------

  CREATE UNIQUE INDEX "DORMITORY"."EMPLOYEE_PK" ON "DORMITORY"."EMPLOYEE" ("ID") 
  PCTFREE 10 INITRANS 2 MAXTRANS 255 COMPUTE STATISTICS 
  STORAGE(INITIAL 65536 NEXT 1048576 MINEXTENTS 1 MAXEXTENTS 2147483645
  PCTINCREASE 0 FREELISTS 1 FREELIST GROUPS 1 BUFFER_POOL DEFAULT FLASH_CACHE DEFAULT CELL_FLASH_CACHE DEFAULT)
  TABLESPACE "DORMITORY_DB" ;
--------------------------------------------------------
--  DDL for Index ROOM_PK
--------------------------------------------------------

  CREATE UNIQUE INDEX "DORMITORY"."ROOM_PK" ON "DORMITORY"."ROOM" ("ID") 
  PCTFREE 10 INITRANS 2 MAXTRANS 255 COMPUTE STATISTICS 
  STORAGE(INITIAL 65536 NEXT 1048576 MINEXTENTS 1 MAXEXTENTS 2147483645
  PCTINCREASE 0 FREELISTS 1 FREELIST GROUPS 1 BUFFER_POOL DEFAULT FLASH_CACHE DEFAULT CELL_FLASH_CACHE DEFAULT)
  TABLESPACE "DORMITORY_DB" ;
--------------------------------------------------------
--  DDL for Index PAYMENT_PK
--------------------------------------------------------

  CREATE UNIQUE INDEX "DORMITORY"."PAYMENT_PK" ON "DORMITORY"."PAYMENT" ("ID") 
  PCTFREE 10 INITRANS 2 MAXTRANS 255 COMPUTE STATISTICS 
  STORAGE(INITIAL 65536 NEXT 1048576 MINEXTENTS 1 MAXEXTENTS 2147483645
  PCTINCREASE 0 FREELISTS 1 FREELIST GROUPS 1 BUFFER_POOL DEFAULT FLASH_CACHE DEFAULT CELL_FLASH_CACHE DEFAULT)
  TABLESPACE "DORMITORY_DB" ;
--------------------------------------------------------
--  DDL for Trigger PROPERTY_TRG
--------------------------------------------------------

  CREATE OR REPLACE TRIGGER "DORMITORY"."PROPERTY_TRG" 
BEFORE INSERT ON PROPERTY 
FOR EACH ROW 
BEGIN
  <<COLUMN_SEQUENCES>>
  BEGIN
    IF INSERTING AND :NEW.ID IS NULL THEN
      SELECT PROPERTY_SEQ.NEXTVAL INTO :NEW.ID FROM SYS.DUAL;
    END IF;
  END COLUMN_SEQUENCES;
END;
/
ALTER TRIGGER "DORMITORY"."PROPERTY_TRG" ENABLE;
--------------------------------------------------------
--  DDL for Trigger EMPLOYEE_TRG
--------------------------------------------------------

  CREATE OR REPLACE TRIGGER "DORMITORY"."EMPLOYEE_TRG" 
BEFORE INSERT ON EMPLOYEE 
FOR EACH ROW 
BEGIN
  <<COLUMN_SEQUENCES>>
  BEGIN
    IF INSERTING AND :NEW.ID IS NULL THEN
      SELECT EMPLOYEE_SEQ.NEXTVAL INTO :NEW.ID FROM SYS.DUAL;
    END IF;
  END COLUMN_SEQUENCES;
END;
/
ALTER TRIGGER "DORMITORY"."EMPLOYEE_TRG" ENABLE;
--------------------------------------------------------
--  DDL for Trigger INVENTORY_TRG
--------------------------------------------------------

  CREATE OR REPLACE TRIGGER "DORMITORY"."INVENTORY_TRG" 
BEFORE INSERT ON INVENTORY 
FOR EACH ROW 
BEGIN
  <<COLUMN_SEQUENCES>>
  BEGIN
    IF INSERTING AND :NEW.ID IS NULL THEN
      SELECT INVENTORY_SEQ.NEXTVAL INTO :NEW.ID FROM SYS.DUAL;
    END IF;
  END COLUMN_SEQUENCES;
END;
/
ALTER TRIGGER "DORMITORY"."INVENTORY_TRG" ENABLE;
--------------------------------------------------------
--  DDL for Trigger POST_TRG
--------------------------------------------------------

  CREATE OR REPLACE TRIGGER "DORMITORY"."POST_TRG" 
BEFORE INSERT ON POST 
FOR EACH ROW 
BEGIN
  <<COLUMN_SEQUENCES>>
  BEGIN
    IF INSERTING AND :NEW.ID IS NULL THEN
      SELECT POST_SEQ.NEXTVAL INTO :NEW.ID FROM SYS.DUAL;
    END IF;
  END COLUMN_SEQUENCES;
END;
/
ALTER TRIGGER "DORMITORY"."POST_TRG" ENABLE;
--------------------------------------------------------
--  DDL for Trigger GROUPS_TRG
--------------------------------------------------------

  CREATE OR REPLACE TRIGGER "DORMITORY"."GROUPS_TRG" 
BEFORE INSERT ON GROUPS 
FOR EACH ROW 
BEGIN
  <<COLUMN_SEQUENCES>>
  BEGIN
    IF INSERTING AND :NEW.ID IS NULL THEN
      SELECT GROUPS_SEQ.NEXTVAL INTO :NEW.ID FROM SYS.DUAL;
    END IF;
  END COLUMN_SEQUENCES;
END;
/
ALTER TRIGGER "DORMITORY"."GROUPS_TRG" ENABLE;
--------------------------------------------------------
--  DDL for Trigger FACULTY_TRG
--------------------------------------------------------

  CREATE OR REPLACE TRIGGER "DORMITORY"."FACULTY_TRG" 
BEFORE INSERT ON FACULTY 
FOR EACH ROW 
BEGIN
  <<COLUMN_SEQUENCES>>
  BEGIN
    IF INSERTING AND :NEW.ID IS NULL THEN
      SELECT FACULTY_SEQ.NEXTVAL INTO :NEW.ID FROM SYS.DUAL;
    END IF;
  END COLUMN_SEQUENCES;
END;
/
ALTER TRIGGER "DORMITORY"."FACULTY_TRG" ENABLE;
--------------------------------------------------------
--  DDL for Trigger OTHER_ROOMS_TRG
--------------------------------------------------------

  CREATE OR REPLACE TRIGGER "DORMITORY"."OTHER_ROOMS_TRG" 
BEFORE INSERT ON OTHER_ROOMS 
FOR EACH ROW 
BEGIN
  <<COLUMN_SEQUENCES>>
  BEGIN
    IF INSERTING AND :NEW.ID IS NULL THEN
      SELECT OTHER_ROOMS_SEQ.NEXTVAL INTO :NEW.ID FROM SYS.DUAL;
    END IF;
  END COLUMN_SEQUENCES;
END;
/
ALTER TRIGGER "DORMITORY"."OTHER_ROOMS_TRG" ENABLE;
--------------------------------------------------------
--  DDL for Trigger ROOM_TRG
--------------------------------------------------------

  CREATE OR REPLACE TRIGGER "DORMITORY"."ROOM_TRG" 
BEFORE INSERT ON ROOM 
FOR EACH ROW 
BEGIN
  <<COLUMN_SEQUENCES>>
  BEGIN
    IF INSERTING AND :NEW.ID IS NULL THEN
      SELECT ROOM_SEQ.NEXTVAL INTO :NEW.ID FROM SYS.DUAL;
    END IF;
  END COLUMN_SEQUENCES;
END;
/
ALTER TRIGGER "DORMITORY"."ROOM_TRG" ENABLE;
--------------------------------------------------------
--  DDL for Procedure CREATE_STUDENT
--------------------------------------------------------
set define off;

  CREATE OR REPLACE PROCEDURE "DORMITORY"."CREATE_STUDENT" 
(
    ID IN NUMBER , BIRTHDAY IN DATE , TENANT_FIO IN VARCHAR2 , TENANT_ROOM_ID IN NUMBER, TENANT_GROUP_ID IN NUMBER 
) AS 
BEGIN
  INSERT INTO TENANT(NUMBER_CONTRACT,BIRTHDAY_DATE,CHECK_DATE,ROOM_ID,FIO)
  VALUES(ID,BIRTHDAY,(SELECT SYSDATE FROM DUAL),TENANT_ROOM_ID,TENANT_FIO);
  INSERT INTO STUDENT(TENANT_ID,GROUP_ID)
  VALUES(ID,TENANT_GROUP_ID);
END CREATE_STUDENT;

/
--------------------------------------------------------
--  DDL for Procedure UPDATE_EMPLOYEE
--------------------------------------------------------
set define off;

  CREATE OR REPLACE PROCEDURE "DORMITORY"."UPDATE_EMPLOYEE" 
(
    ID IN number,BIRTHDAY IN DATE , TENANT_FIO IN VARCHAR2 , TENANT_ROOM_ID IN NUMBER, TENANT_WORK IN VARCHAR 
) AS 
BEGIN
    UPDATE TENANT 
    SET 
        BIRTHDAY_DATE = BIRTHDAY,
        ROOM_ID = TENANT_ROOM_ID,
        FIO = TENANT_FIO
    WHERE NUMBER_CONTRACT = ID;

    DELETE FROM STUDENT 
    WHERE TENANT_ID = ID;

    DELETE FROM employee_university
    WHERE TENANT_ID = ID;

    INSERT INTO EMPLOYEE_UNIVERSITY(TENANT_ID,WORK)
    VALUES(ID,TENANT_WORK);


END UPDATE_EMPLOYEE;

/
--------------------------------------------------------
--  DDL for Procedure UPDATE_STUDENT
--------------------------------------------------------
set define off;

  CREATE OR REPLACE PROCEDURE "DORMITORY"."UPDATE_STUDENT" 
(
    ID IN number,BIRTHDAY IN DATE , TENANT_FIO IN VARCHAR2 , TENANT_ROOM_ID IN NUMBER, TENANT_GROUP_ID IN NUMBER 
) AS 
BEGIN
    UPDATE TENANT 
    SET 
        BIRTHDAY_DATE = BIRTHDAY,
        ROOM_ID = TENANT_ROOM_ID,
        FIO = TENANT_FIO
    WHERE NUMBER_CONTRACT = ID;

    DELETE FROM STUDENT 
    WHERE TENANT_ID = ID;

    DELETE FROM employee_university
    WHERE TENANT_ID = ID;

    INSERT INTO STUDENT(TENANT_ID,GROUP_ID)
    VALUES(ID,TENANT_GROUP_ID);


END UPDATE_STUDENT;

/
--------------------------------------------------------
--  DDL for Procedure CREATE_EMPLOYEE
--------------------------------------------------------
set define off;

  CREATE OR REPLACE PROCEDURE "DORMITORY"."CREATE_EMPLOYEE" 
(
    ID IN NUMBER , BIRTHDAY IN DATE , TENANT_FIO IN VARCHAR2 , TENANT_ROOM_ID IN NUMBER, TENANT_WORK IN VARCHAR 
) AS 
BEGIN
  INSERT INTO TENANT(NUMBER_CONTRACT,BIRTHDAY_DATE,CHECK_DATE,ROOM_ID,FIO)
  VALUES(ID,BIRTHDAY,(SELECT SYSDATE FROM DUAL),TENANT_ROOM_ID,TENANT_FIO);
  INSERT INTO EMPLOYEE_UNIVERSITY(TENANT_ID,WORK)
  VALUES(ID,TENANT_WORK);
END CREATE_EMPLOYEE;

/
--------------------------------------------------------
--  DDL for Synonymn DUAL
--------------------------------------------------------

  CREATE OR REPLACE PUBLIC SYNONYM "DUAL" FOR "SYS"."DUAL";
--------------------------------------------------------
--  Constraints for Table STUDENT
--------------------------------------------------------

  ALTER TABLE "DORMITORY"."STUDENT" MODIFY ("TENANT_ID" NOT NULL ENABLE);
  ALTER TABLE "DORMITORY"."STUDENT" MODIFY ("GROUP_ID" NOT NULL ENABLE);
  ALTER TABLE "DORMITORY"."STUDENT" ADD CONSTRAINT "STUDENT_PK" PRIMARY KEY ("TENANT_ID")
  USING INDEX PCTFREE 10 INITRANS 2 MAXTRANS 255 COMPUTE STATISTICS 
  STORAGE(INITIAL 65536 NEXT 1048576 MINEXTENTS 1 MAXEXTENTS 2147483645
  PCTINCREASE 0 FREELISTS 1 FREELIST GROUPS 1 BUFFER_POOL DEFAULT FLASH_CACHE DEFAULT CELL_FLASH_CACHE DEFAULT)
  TABLESPACE "DORMITORY_DB"  ENABLE;
--------------------------------------------------------
--  Constraints for Table PROPERTY_TENANT
--------------------------------------------------------

  ALTER TABLE "DORMITORY"."PROPERTY_TENANT" MODIFY ("PROPERTY_ID" NOT NULL ENABLE);
  ALTER TABLE "DORMITORY"."PROPERTY_TENANT" MODIFY ("TENANT_ID" NOT NULL ENABLE);
--------------------------------------------------------
--  Constraints for Table FACULTY
--------------------------------------------------------

  ALTER TABLE "DORMITORY"."FACULTY" MODIFY ("ID" NOT NULL ENABLE);
  ALTER TABLE "DORMITORY"."FACULTY" MODIFY ("NAME" NOT NULL ENABLE);
  ALTER TABLE "DORMITORY"."FACULTY" ADD CONSTRAINT "FACULTY_PK" PRIMARY KEY ("ID")
  USING INDEX PCTFREE 10 INITRANS 2 MAXTRANS 255 COMPUTE STATISTICS 
  STORAGE(INITIAL 65536 NEXT 1048576 MINEXTENTS 1 MAXEXTENTS 2147483645
  PCTINCREASE 0 FREELISTS 1 FREELIST GROUPS 1 BUFFER_POOL DEFAULT FLASH_CACHE DEFAULT CELL_FLASH_CACHE DEFAULT)
  TABLESPACE "DORMITORY_DB"  ENABLE;
--------------------------------------------------------
--  Constraints for Table EMPLOYEE_UNIVERSITY
--------------------------------------------------------

  ALTER TABLE "DORMITORY"."EMPLOYEE_UNIVERSITY" MODIFY ("TENANT_ID" NOT NULL ENABLE);
  ALTER TABLE "DORMITORY"."EMPLOYEE_UNIVERSITY" ADD CONSTRAINT "EMPLOYEE_UNIVERSITY_PK" PRIMARY KEY ("TENANT_ID")
  USING INDEX PCTFREE 10 INITRANS 2 MAXTRANS 255 COMPUTE STATISTICS 
  STORAGE(INITIAL 65536 NEXT 1048576 MINEXTENTS 1 MAXEXTENTS 2147483645
  PCTINCREASE 0 FREELISTS 1 FREELIST GROUPS 1 BUFFER_POOL DEFAULT FLASH_CACHE DEFAULT CELL_FLASH_CACHE DEFAULT)
  TABLESPACE "DORMITORY_DB"  ENABLE;
--------------------------------------------------------
--  Constraints for Table GROUPS
--------------------------------------------------------

  ALTER TABLE "DORMITORY"."GROUPS" MODIFY ("ID" NOT NULL ENABLE);
  ALTER TABLE "DORMITORY"."GROUPS" MODIFY ("NAME" NOT NULL ENABLE);
  ALTER TABLE "DORMITORY"."GROUPS" ADD CONSTRAINT "GROUPS_PK" PRIMARY KEY ("ID")
  USING INDEX PCTFREE 10 INITRANS 2 MAXTRANS 255 COMPUTE STATISTICS 
  STORAGE(INITIAL 65536 NEXT 1048576 MINEXTENTS 1 MAXEXTENTS 2147483645
  PCTINCREASE 0 FREELISTS 1 FREELIST GROUPS 1 BUFFER_POOL DEFAULT FLASH_CACHE DEFAULT CELL_FLASH_CACHE DEFAULT)
  TABLESPACE "DORMITORY_DB"  ENABLE;
  ALTER TABLE "DORMITORY"."GROUPS" MODIFY ("FACULTY_ID" NOT NULL ENABLE);
--------------------------------------------------------
--  Constraints for Table TENANT
--------------------------------------------------------

  ALTER TABLE "DORMITORY"."TENANT" MODIFY ("FIO" NOT NULL ENABLE);
  ALTER TABLE "DORMITORY"."TENANT" MODIFY ("NUMBER_CONTRACT" NOT NULL ENABLE);
  ALTER TABLE "DORMITORY"."TENANT" MODIFY ("BIRTHDAY_DATE" NOT NULL ENABLE);
  ALTER TABLE "DORMITORY"."TENANT" MODIFY ("CHECK_DATE" NOT NULL ENABLE);
  ALTER TABLE "DORMITORY"."TENANT" ADD CONSTRAINT "TENANT_PK" PRIMARY KEY ("NUMBER_CONTRACT")
  USING INDEX PCTFREE 10 INITRANS 2 MAXTRANS 255 COMPUTE STATISTICS 
  STORAGE(INITIAL 65536 NEXT 1048576 MINEXTENTS 1 MAXEXTENTS 2147483645
  PCTINCREASE 0 FREELISTS 1 FREELIST GROUPS 1 BUFFER_POOL DEFAULT FLASH_CACHE DEFAULT CELL_FLASH_CACHE DEFAULT)
  TABLESPACE "DORMITORY_DB"  ENABLE;
  ALTER TABLE "DORMITORY"."TENANT" MODIFY ("ROOM_ID" NOT NULL ENABLE);
--------------------------------------------------------
--  Constraints for Table INVENTORY
--------------------------------------------------------

  ALTER TABLE "DORMITORY"."INVENTORY" MODIFY ("ID" NOT NULL ENABLE);
  ALTER TABLE "DORMITORY"."INVENTORY" MODIFY ("NAME" NOT NULL ENABLE);
  ALTER TABLE "DORMITORY"."INVENTORY" ADD CONSTRAINT "INVENTORY_PK" PRIMARY KEY ("ID")
  USING INDEX PCTFREE 10 INITRANS 2 MAXTRANS 255 COMPUTE STATISTICS 
  STORAGE(INITIAL 65536 NEXT 1048576 MINEXTENTS 1 MAXEXTENTS 2147483645
  PCTINCREASE 0 FREELISTS 1 FREELIST GROUPS 1 BUFFER_POOL DEFAULT FLASH_CACHE DEFAULT CELL_FLASH_CACHE DEFAULT)
  TABLESPACE "DORMITORY_DB"  ENABLE;
--------------------------------------------------------
--  Constraints for Table UNIT
--------------------------------------------------------

  ALTER TABLE "DORMITORY"."UNIT" MODIFY ("ID" NOT NULL ENABLE);
  ALTER TABLE "DORMITORY"."UNIT" ADD CONSTRAINT "UNIT_PK" PRIMARY KEY ("ID")
  USING INDEX PCTFREE 10 INITRANS 2 MAXTRANS 255 COMPUTE STATISTICS 
  STORAGE(INITIAL 65536 NEXT 1048576 MINEXTENTS 1 MAXEXTENTS 2147483645
  PCTINCREASE 0 FREELISTS 1 FREELIST GROUPS 1 BUFFER_POOL DEFAULT FLASH_CACHE DEFAULT CELL_FLASH_CACHE DEFAULT)
  TABLESPACE "DORMITORY_DB"  ENABLE;
--------------------------------------------------------
--  Constraints for Table PROPERTY
--------------------------------------------------------

  ALTER TABLE "DORMITORY"."PROPERTY" MODIFY ("ID" NOT NULL ENABLE);
  ALTER TABLE "DORMITORY"."PROPERTY" MODIFY ("NAME" NOT NULL ENABLE);
  ALTER TABLE "DORMITORY"."PROPERTY" ADD CONSTRAINT "PROPERTY_PK" PRIMARY KEY ("ID")
  USING INDEX PCTFREE 10 INITRANS 2 MAXTRANS 255 COMPUTE STATISTICS 
  STORAGE(INITIAL 65536 NEXT 1048576 MINEXTENTS 1 MAXEXTENTS 2147483645
  PCTINCREASE 0 FREELISTS 1 FREELIST GROUPS 1 BUFFER_POOL DEFAULT FLASH_CACHE DEFAULT CELL_FLASH_CACHE DEFAULT)
  TABLESPACE "DORMITORY_DB"  ENABLE;
--------------------------------------------------------
--  Constraints for Table POST
--------------------------------------------------------

  ALTER TABLE "DORMITORY"."POST" MODIFY ("ID" NOT NULL ENABLE);
  ALTER TABLE "DORMITORY"."POST" MODIFY ("NAME" NOT NULL ENABLE);
  ALTER TABLE "DORMITORY"."POST" ADD CONSTRAINT "POST_PK" PRIMARY KEY ("ID")
  USING INDEX PCTFREE 10 INITRANS 2 MAXTRANS 255 COMPUTE STATISTICS 
  STORAGE(INITIAL 65536 NEXT 1048576 MINEXTENTS 1 MAXEXTENTS 2147483645
  PCTINCREASE 0 FREELISTS 1 FREELIST GROUPS 1 BUFFER_POOL DEFAULT FLASH_CACHE DEFAULT CELL_FLASH_CACHE DEFAULT)
  TABLESPACE "DORMITORY_DB"  ENABLE;
--------------------------------------------------------
--  Constraints for Table OTHER_ROOMS
--------------------------------------------------------

  ALTER TABLE "DORMITORY"."OTHER_ROOMS" MODIFY ("ID" NOT NULL ENABLE);
  ALTER TABLE "DORMITORY"."OTHER_ROOMS" MODIFY ("NAME" NOT NULL ENABLE);
  ALTER TABLE "DORMITORY"."OTHER_ROOMS" ADD CONSTRAINT "OTHER_ROOMS_PK" PRIMARY KEY ("ID")
  USING INDEX PCTFREE 10 INITRANS 2 MAXTRANS 255 COMPUTE STATISTICS 
  STORAGE(INITIAL 65536 NEXT 1048576 MINEXTENTS 1 MAXEXTENTS 2147483645
  PCTINCREASE 0 FREELISTS 1 FREELIST GROUPS 1 BUFFER_POOL DEFAULT FLASH_CACHE DEFAULT CELL_FLASH_CACHE DEFAULT)
  TABLESPACE "DORMITORY_DB"  ENABLE;
--------------------------------------------------------
--  Constraints for Table EMPLOYEE
--------------------------------------------------------

  ALTER TABLE "DORMITORY"."EMPLOYEE" MODIFY ("ID" NOT NULL ENABLE);
  ALTER TABLE "DORMITORY"."EMPLOYEE" MODIFY ("FIO" NOT NULL ENABLE);
  ALTER TABLE "DORMITORY"."EMPLOYEE" MODIFY ("POST_ID" NOT NULL ENABLE);
  ALTER TABLE "DORMITORY"."EMPLOYEE" MODIFY ("ROOM_ID" NOT NULL ENABLE);
  ALTER TABLE "DORMITORY"."EMPLOYEE" ADD CONSTRAINT "EMPLOYEE_PK" PRIMARY KEY ("ID")
  USING INDEX PCTFREE 10 INITRANS 2 MAXTRANS 255 COMPUTE STATISTICS 
  STORAGE(INITIAL 65536 NEXT 1048576 MINEXTENTS 1 MAXEXTENTS 2147483645
  PCTINCREASE 0 FREELISTS 1 FREELIST GROUPS 1 BUFFER_POOL DEFAULT FLASH_CACHE DEFAULT CELL_FLASH_CACHE DEFAULT)
  TABLESPACE "DORMITORY_DB"  ENABLE;
--------------------------------------------------------
--  Constraints for Table ROOM
--------------------------------------------------------

  ALTER TABLE "DORMITORY"."ROOM" MODIFY ("ID" NOT NULL ENABLE);
  ALTER TABLE "DORMITORY"."ROOM" MODIFY ("SQUARE" NOT NULL ENABLE);
  ALTER TABLE "DORMITORY"."ROOM" MODIFY ("COUNT_BETS" NOT NULL ENABLE);
  ALTER TABLE "DORMITORY"."ROOM" MODIFY ("BUSY_BETS" NOT NULL ENABLE);
  ALTER TABLE "DORMITORY"."ROOM" ADD CONSTRAINT "ROOM_PK" PRIMARY KEY ("ID")
  USING INDEX PCTFREE 10 INITRANS 2 MAXTRANS 255 COMPUTE STATISTICS 
  STORAGE(INITIAL 65536 NEXT 1048576 MINEXTENTS 1 MAXEXTENTS 2147483645
  PCTINCREASE 0 FREELISTS 1 FREELIST GROUPS 1 BUFFER_POOL DEFAULT FLASH_CACHE DEFAULT CELL_FLASH_CACHE DEFAULT)
  TABLESPACE "DORMITORY_DB"  ENABLE;
  ALTER TABLE "DORMITORY"."ROOM" MODIFY ("UNIT_ID" NOT NULL ENABLE);
--------------------------------------------------------
--  Constraints for Table ROOM_INVENTORY
--------------------------------------------------------

  ALTER TABLE "DORMITORY"."ROOM_INVENTORY" MODIFY ("ROOM_ID" NOT NULL ENABLE);
  ALTER TABLE "DORMITORY"."ROOM_INVENTORY" MODIFY ("INVENTORY_ID" NOT NULL ENABLE);
--------------------------------------------------------
--  Constraints for Table PAYMENT
--------------------------------------------------------

  ALTER TABLE "DORMITORY"."PAYMENT" MODIFY ("ID" NOT NULL ENABLE);
  ALTER TABLE "DORMITORY"."PAYMENT" MODIFY ("TENANT_ID" NOT NULL ENABLE);
  ALTER TABLE "DORMITORY"."PAYMENT" MODIFY ("DATE_PAYMENT" NOT NULL ENABLE);
  ALTER TABLE "DORMITORY"."PAYMENT" ADD CONSTRAINT "PAYMENT_PK" PRIMARY KEY ("ID")
  USING INDEX PCTFREE 10 INITRANS 2 MAXTRANS 255 COMPUTE STATISTICS 
  STORAGE(INITIAL 65536 NEXT 1048576 MINEXTENTS 1 MAXEXTENTS 2147483645
  PCTINCREASE 0 FREELISTS 1 FREELIST GROUPS 1 BUFFER_POOL DEFAULT FLASH_CACHE DEFAULT CELL_FLASH_CACHE DEFAULT)
  TABLESPACE "DORMITORY_DB"  ENABLE;
--------------------------------------------------------
--  Ref Constraints for Table STUDENT
--------------------------------------------------------

  ALTER TABLE "DORMITORY"."STUDENT" ADD CONSTRAINT "GROUP_FK" FOREIGN KEY ("GROUP_ID")
	  REFERENCES "DORMITORY"."GROUPS" ("ID") ON DELETE CASCADE ENABLE;
  ALTER TABLE "DORMITORY"."STUDENT" ADD CONSTRAINT "TENANT_FK" FOREIGN KEY ("TENANT_ID")
	  REFERENCES "DORMITORY"."TENANT" ("NUMBER_CONTRACT") ON DELETE CASCADE ENABLE;
--------------------------------------------------------
--  Ref Constraints for Table PROPERTY_TENANT
--------------------------------------------------------

  ALTER TABLE "DORMITORY"."PROPERTY_TENANT" ADD CONSTRAINT "PROPERTY_FK" FOREIGN KEY ("PROPERTY_ID")
	  REFERENCES "DORMITORY"."PROPERTY" ("ID") ON DELETE CASCADE ENABLE;
  ALTER TABLE "DORMITORY"."PROPERTY_TENANT" ADD CONSTRAINT "PROPERTY_TENANT_FK" FOREIGN KEY ("TENANT_ID")
	  REFERENCES "DORMITORY"."TENANT" ("NUMBER_CONTRACT") ON DELETE CASCADE ENABLE;
--------------------------------------------------------
--  Ref Constraints for Table EMPLOYEE_UNIVERSITY
--------------------------------------------------------

  ALTER TABLE "DORMITORY"."EMPLOYEE_UNIVERSITY" ADD CONSTRAINT "TENANT_EMPLOYEE_FK" FOREIGN KEY ("TENANT_ID")
	  REFERENCES "DORMITORY"."TENANT" ("NUMBER_CONTRACT") ON DELETE CASCADE ENABLE;
--------------------------------------------------------
--  Ref Constraints for Table GROUPS
--------------------------------------------------------

  ALTER TABLE "DORMITORY"."GROUPS" ADD CONSTRAINT "FACULTY_FK" FOREIGN KEY ("FACULTY_ID")
	  REFERENCES "DORMITORY"."FACULTY" ("ID") ON DELETE CASCADE ENABLE;
--------------------------------------------------------
--  Ref Constraints for Table EMPLOYEE
--------------------------------------------------------

  ALTER TABLE "DORMITORY"."EMPLOYEE" ADD CONSTRAINT "POST_FK" FOREIGN KEY ("POST_ID")
	  REFERENCES "DORMITORY"."POST" ("ID") ON DELETE CASCADE ENABLE;
  ALTER TABLE "DORMITORY"."EMPLOYEE" ADD CONSTRAINT "ROMM_FK" FOREIGN KEY ("POST_ID")
	  REFERENCES "DORMITORY"."OTHER_ROOMS" ("ID") ON DELETE CASCADE ENABLE;
--------------------------------------------------------
--  Ref Constraints for Table ROOM
--------------------------------------------------------

  ALTER TABLE "DORMITORY"."ROOM" ADD CONSTRAINT "UNIT_FK" FOREIGN KEY ("UNIT_ID")
	  REFERENCES "DORMITORY"."UNIT" ("ID") ON DELETE CASCADE ENABLE;
--------------------------------------------------------
--  Ref Constraints for Table ROOM_INVENTORY
--------------------------------------------------------

  ALTER TABLE "DORMITORY"."ROOM_INVENTORY" ADD CONSTRAINT "INVENTORY_FK" FOREIGN KEY ("INVENTORY_ID")
	  REFERENCES "DORMITORY"."INVENTORY" ("ID") ON DELETE CASCADE ENABLE;
  ALTER TABLE "DORMITORY"."ROOM_INVENTORY" ADD CONSTRAINT "ROOM_FK" FOREIGN KEY ("ROOM_ID")
	  REFERENCES "DORMITORY"."ROOM" ("ID") ON DELETE CASCADE ENABLE;
--------------------------------------------------------
--  Ref Constraints for Table PAYMENT
--------------------------------------------------------

  ALTER TABLE "DORMITORY"."PAYMENT" ADD CONSTRAINT "PAYMENT_TENANT_FK" FOREIGN KEY ("TENANT_ID")
	  REFERENCES "DORMITORY"."TENANT" ("NUMBER_CONTRACT") ON DELETE CASCADE ENABLE;
